Depth[m],UW[kN/m2]
0.06,14.50
0.08,14.90
0.10,15.10
0.12,14.50
0.14,14.40
0.16,14.50
0.18,14.70
0.20,14.90
0.22,15.10
0.24,15.10
0.26,15.30
0.28,15.50
0.30,15.70
0.32,16.00
0.34,16.20
0.36,16.30
0.38,16.40
0.40,16.50
0.42,16.60
0.44,16.80
0.46,17.00
0.48,17.10
0.50,17.20
0.52,17.20
0.54,17.10
0.56,17.10
0.58,17.00
0.60,17.00
0.62,17.10
0.64,17.30
0.66,17.50
0.68,17.60
0.70,17.70
0.72,17.70
0.74,17.60
0.76,17.50
0.78,17.40
0.80,17.40
0.82,17.40
0.84,17.50
0.86,17.50
0.88,17.50
0.90,17.60
0.92,17.60
0.94,17.70
0.96,17.70
0.98,17.80
1.00,17.80
1.02,17.90
1.04,17.80
1.06,17.80
1.08,17.80
1.10,17.90
1.12,18.00
1.14,18.10
1.16,18.10
1.18,18.20
1.20,18.20
1.22,18.20
1.24,18.30
1.26,18.30
1.28,18.40
1.30,18.50
1.32,18.60
1.34,18.60
1.36,18.70
1.38,18.70
1.40,18.70
1.42,18.70
1.44,18.70
1.46,18.60
1.48,18.60
1.50,18.50
1.52,18.40
1.54,18.30
1.56,18.30
1.58,18.20
1.60,18.20
1.62,18.20
1.64,18.30
1.66,18.30
1.68,18.30
1.70,18.30
1.72,18.30
1.74,18.40
1.76,18.40
1.78,18.40
1.80,18.40
1.82,18.40
1.84,18.40
1.86,18.50
1.88,18.50
1.90,18.50
1.92,18.70
1.94,18.80
1.96,18.80
1.98,18.70
2.00,18.70
2.02,18.60
2.04,18.50
2.06,18.50
2.08,18.40
2.10,18.30
2.12,18.30
2.14,18.30
2.16,18.30
2.18,18.30
2.20,18.30
2.22,18.30
2.24,18.40
2.26,18.40
2.28,18.40
2.30,18.40
2.32,18.50
2.34,18.50
2.36,18.50
2.38,18.50
2.40,18.50
2.42,18.60
2.44,18.60
2.46,18.70
2.48,18.80
2.50,18.80
2.52,18.90
2.54,18.90
2.56,19.00
2.58,19.00
2.60,19.10
2.62,19.10
2.64,19.10
2.66,19.20
2.68,19.20
2.70,19.20
2.72,19.20
2.74,19.20
2.76,19.20
2.78,19.20
2.80,19.10
2.82,19.10
2.84,19.00
2.86,19.00
2.88,19.00
2.90,19.10
2.92,19.10
2.94,19.10
2.96,19.10
2.98,19.20
3.00,19.20
3.02,19.20
3.04,19.30
3.06,19.30
3.08,19.40
3.10,19.50
3.12,19.50
3.14,19.60
3.16,19.60
3.18,19.70
3.20,19.70
3.22,19.70
3.24,19.60
3.26,19.60
3.28,19.60
3.30,19.60
3.32,19.60
3.34,19.60
3.36,19.50
3.38,19.50
3.40,19.50
3.42,19.40
3.44,19.40
3.46,19.40
3.48,19.40
3.50,19.40
3.52,19.40
3.54,19.40
3.56,19.40
3.58,19.40
3.60,19.40
3.62,19.50
3.64,19.50
3.66,19.50
3.68,19.40
3.70,19.40
3.72,19.30
3.74,19.30
3.76,19.20
3.78,19.20
3.80,19.20
3.82,19.20
3.84,19.20
3.86,19.10
3.88,19.10
3.90,19.00
3.92,19.00
3.94,19.00
3.96,18.90
3.98,18.90
4.00,18.90
4.02,18.80
4.04,18.80
4.06,18.80
4.08,18.80
4.10,18.70
4.12,18.70
4.14,18.70
4.16,18.70
4.18,18.70
4.20,18.70
4.22,18.70
4.24,18.70
4.26,18.60
4.28,18.60
4.30,18.60
4.32,18.60
4.34,18.60
4.36,18.60
4.38,18.60
4.40,18.60
4.42,18.60
4.44,18.60
4.46,18.60
4.48,18.60
4.50,18.60
4.52,18.60
4.54,18.60
4.56,18.60
4.58,18.60
4.60,18.60
4.62,18.60
4.64,18.60
4.66,18.60
4.68,18.70
4.70,18.70
4.72,18.70
4.74,18.70
4.76,18.70
4.78,18.70
4.80,18.70
4.82,18.70
4.84,18.70
4.86,18.80
4.88,18.80
4.90,18.80
4.92,18.80
4.94,18.80
4.96,18.80
4.98,18.80
5.00,18.80
5.02,18.80
5.04,18.80
5.06,18.80
5.08,18.80
5.10,18.80
5.12,18.90
5.14,18.90
5.16,18.90
5.18,18.90
5.20,18.90
5.22,18.90
5.24,18.90
5.26,18.90
5.28,18.90
5.30,18.90
5.32,19.00
5.34,19.00
5.36,19.00
5.38,19.00
5.40,19.10
5.42,19.10
5.44,19.10
5.46,19.20
5.48,19.20
5.50,19.30
5.52,19.40
5.54,19.40
5.56,19.50
5.58,19.60
5.60,19.70
5.62,19.70
5.64,19.70
5.66,19.70
5.68,19.60
5.70,19.60
5.72,19.50
5.74,19.40
5.76,19.40
5.78,19.40
5.80,19.40
5.82,19.40
5.84,19.40
5.86,19.40
5.88,19.40
5.90,19.40
5.92,19.40
5.94,19.40
5.96,19.40
5.98,19.40
6.00,19.40
6.02,19.40
6.04,19.50
6.06,19.50
6.08,19.50
6.10,19.60
6.12,19.50
6.14,19.60
6.16,19.60
6.18,19.70
6.20,19.70
6.22,19.80
6.24,19.70
6.26,19.70
6.28,19.70
6.30,19.70
6.32,19.70
6.34,19.60
6.36,19.60
6.38,19.60
6.40,19.50
6.42,19.40
6.44,19.40
6.46,19.30
6.48,19.20
6.50,19.20
6.52,19.20
6.54,19.10
6.56,19.10
6.58,19.10
6.60,19.10
6.62,19.10
6.64,19.10
6.66,19.10
6.68,19.10
6.70,19.10
6.72,19.10
6.74,19.10
6.76,19.20
6.78,19.30
6.80,19.30
6.82,19.30
6.84,19.30
6.86,19.30
6.88,19.30
6.90,19.30
6.92,19.30
6.94,19.30
6.96,19.40
6.98,19.40
7.00,19.40
7.02,19.40
7.04,19.40
7.06,19.40
7.08,19.40
7.10,19.40
7.12,19.50
7.14,19.50
7.16,19.50
7.18,19.50
7.20,19.50
7.22,19.60
7.24,19.70
7.26,19.80
7.28,19.80
7.30,19.90
7.32,19.90
7.34,20.00
7.36,20.00
7.38,20.00
7.40,20.00
7.42,20.10
7.44,20.10
7.46,20.10
7.48,20.10
7.50,20.10
7.52,20.10
7.54,20.10
7.56,20.10
7.58,20.10
7.60,20.20
7.62,20.20
7.64,20.20
7.66,20.20
7.68,20.20
7.70,20.20
7.72,20.20
7.74,20.30
7.76,20.30
7.78,20.20
7.80,20.20
7.82,20.20
7.84,20.10
7.86,20.00
7.88,19.90
7.90,19.80
7.92,19.70
7.94,19.70
7.96,19.70
7.98,19.70
8.00,19.70
8.02,19.70
8.04,19.70
8.06,19.70
8.08,19.80
8.10,19.90
8.12,20.00
8.14,20.10
8.16,20.20
8.18,20.30
8.20,20.30
8.22,20.40
8.24,20.40
8.26,20.40
8.28,20.50
8.30,20.50
8.32,20.50
8.34,20.50
8.36,20.50
8.38,20.50
8.40,20.50
8.42,20.50
8.44,20.40
8.46,20.40
8.48,20.50
8.50,20.40
8.52,20.50
8.54,20.50
8.56,20.50
8.58,20.40
8.60,20.40
8.62,20.40
8.64,20.30
8.66,20.30
8.68,20.30
8.70,20.30
8.72,20.20
8.74,20.20
8.76,20.20
8.78,20.20
8.80,20.20
8.82,20.20
8.84,20.20
8.86,20.20
8.88,20.10
8.90,20.00
8.92,19.90
8.94,19.90
8.96,19.90
8.98,20.00
9.00,20.00
9.02,20.00
9.04,20.10
9.06,20.10
9.08,20.10
9.10,20.00
9.12,20.00
9.14,20.00
9.16,20.00
9.18,20.00
9.20,20.10
9.22,20.10
9.24,20.20
9.26,20.20
9.28,20.20
9.30,20.30
9.32,20.30
9.34,20.20
9.36,20.00
9.38,19.90
9.40,19.80
9.42,19.60
9.44,19.50
9.46,19.30
9.48,19.40
9.50,19.50
9.52,19.50
9.54,19.50
9.56,19.50
9.58,19.60
9.60,19.60
9.62,19.60
9.64,19.60
9.66,19.70
9.68,19.70
9.70,19.80
9.72,19.80
9.74,19.80
9.76,19.80
9.78,19.80
9.80,19.90
9.82,19.90
9.84,19.90
9.86,19.90
9.88,19.90
9.90,19.90
9.92,19.90
9.94,19.90
9.96,19.90
9.98,19.90
10.00,19.90
10.00,19.90
10.00,19.90
10.10,19.90
10.10,19.90
10.10,19.90
10.10,20.00
10.10,20.00
10.20,20.00
10.20,20.00
10.20,20.00
10.20,20.10
10.20,20.00
10.30,20.00
10.30,20.00
10.30,20.00
10.30,20.00
10.30,20.00
10.40,20.00
10.40,20.00
10.40,20.00
10.40,19.90
10.40,19.90
10.50,19.90
10.50,19.90
10.50,19.90
10.50,19.90
10.50,20.00
10.60,20.00
10.60,20.10
10.60,20.20
10.60,20.20
10.60,20.20
10.70,20.20
10.70,20.30
10.70,20.30
10.70,20.30
10.70,20.30
10.80,20.30
10.80,20.30
10.80,20.30
10.80,20.30
10.80,20.30
10.90,20.30
10.90,20.20
10.90,20.20
10.90,20.20
10.90,20.20
11.00,20.20
11.00,20.20
11.00,20.20
11.00,20.20
11.00,20.20
11.10,20.20
11.10,20.20
11.10,20.20
11.10,20.20
11.10,20.20
11.20,20.20
11.20,20.20
11.20,20.20
11.20,20.20
11.20,20.20
11.30,20.20
11.30,20.20
11.30,20.20
11.30,20.20
11.30,20.20
11.40,20.20
11.40,20.20
11.40,20.20
11.40,20.20
11.40,20.20
11.50,20.20
11.50,20.20
11.50,20.20
11.50,20.20
11.50,20.20
11.60,20.20
11.60,20.20
11.60,20.20
11.60,20.10
11.60,20.10
11.70,20.00
11.70,20.00
11.70,20.00
11.70,20.00
11.70,19.90
11.80,20.00
11.80,20.00
11.80,20.00
11.80,20.00
11.80,20.00
11.90,20.10
11.90,20.10
11.90,20.10
11.90,20.10
11.90,20.10
12.00,20.20
12.00,20.20
12.00,20.20
12.00,20.20
12.00,20.30
12.10,20.30
12.10,20.30
12.10,20.30
12.10,20.30
12.10,20.30
12.20,20.30
12.20,20.30
12.20,20.40
12.20,20.40
12.20,20.50
12.30,20.50
12.30,20.50
12.30,20.50
12.30,20.50
12.30,20.50
12.40,20.50
12.40,20.50
12.40,20.50
12.40,20.50
12.40,20.50
12.50,20.50
12.50,20.50
12.50,20.50
12.50,20.50
12.50,20.50
12.60,20.50
12.60,20.50
12.60,20.50
12.60,20.50
12.60,20.50
12.70,20.50
12.70,20.40
12.70,20.40
12.70,20.40
12.70,20.30
12.80,20.30
12.80,20.30
12.80,20.30
12.80,20.30
12.80,20.30
12.90,20.30
12.90,20.30
12.90,20.30
12.90,20.30
12.90,20.30
13.00,20.20
13.00,20.20
13.00,20.30
13.00,20.30
13.00,20.30
13.10,20.30
13.10,20.30
13.10,20.30
13.10,20.30
13.10,20.40
13.20,20.40
13.20,20.50
13.20,20.50
13.20,20.60
13.20,20.70
13.30,20.80
13.30,20.80
13.30,20.80
13.30,20.80
13.30,20.80
13.40,20.80
13.40,20.80
13.40,20.70
13.40,20.70
13.40,20.60
13.50,20.60
13.50,20.60
13.50,20.50
13.50,20.50
13.50,20.50
13.60,20.50
13.60,20.50
13.60,20.50
13.60,20.40
13.60,20.50
13.70,20.50
13.70,20.40
13.70,20.30
13.70,20.30
13.70,20.30
13.80,20.30
13.80,20.30
13.80,20.20
13.80,20.20
13.80,20.30
13.90,20.30
13.90,20.40
13.90,20.40
13.90,20.40
13.90,20.40
14.00,20.40
14.00,20.40
14.00,20.40
14.00,20.30
14.00,20.40
14.10,20.40
14.10,20.40
14.10,20.30
14.10,20.40
14.10,20.40
14.20,20.40
14.20,20.40
14.20,20.40
14.20,20.40
14.20,20.30
14.30,20.30
14.30,20.20
14.30,20.20
14.30,20.20
14.30,20.20
14.40,20.30
14.40,20.20
14.40,20.20
14.40,20.20
14.40,20.10
14.50,20.20
14.50,20.20
14.50,20.20
14.50,20.30
14.50,20.40
14.60,20.30
14.60,20.10
14.60,20.00
14.60,19.90
14.60,19.80
14.70,19.70
14.70,19.60
14.70,19.50
14.70,19.30
14.70,19.30
14.80,19.30
14.80,19.40
14.80,19.40
14.80,19.40
14.80,19.50
14.90,19.50
14.90,19.50
14.90,19.50
14.90,19.50
14.90,19.50
15.00,19.50
15.00,19.50
15.00,19.50
15.00,19.50
15.00,19.50
15.10,19.50
15.10,19.50
15.10,19.50
15.10,19.50
15.10,19.60
15.20,19.60
15.20,19.60
15.20,19.60
15.20,19.50
15.20,19.50
15.30,19.40
15.30,19.40
15.30,19.40
15.30,19.30
15.30,19.30
15.40,19.30
15.40,19.30
15.40,19.20
15.40,19.20
15.40,19.20
15.50,19.20
15.50,19.20
15.50,19.20
15.50,19.20
15.50,19.20
15.60,19.20
15.60,19.20
15.60,19.20
15.60,19.20
15.60,19.20
15.70,19.20
15.70,19.30
15.70,19.30
15.70,19.30
15.70,19.40
15.80,19.40
15.80,19.50
15.80,19.50
15.80,19.60
15.80,19.70
15.90,19.80
15.90,19.90
15.90,19.90
15.90,19.80
15.90,19.70
16.00,19.70
16.00,19.60
16.00,19.60
16.00,19.50
16.00,19.60
16.10,19.60
16.10,19.70
16.10,19.70
16.10,19.80
16.10,19.80
16.20,19.90
16.20,19.90
16.20,19.90
16.20,19.90
16.20,19.80
16.30,19.80
16.30,19.80
16.30,19.80
16.30,19.80
16.30,19.80
16.40,19.90
16.40,19.90
16.40,19.90
16.40,19.80
16.40,19.80
16.50,19.90
16.50,19.90
16.50,19.70
16.50,19.60
16.50,19.50
16.60,19.40
16.60,19.40
16.60,19.40
16.60,19.40
16.60,19.40
16.70,19.40
16.70,19.40
16.70,19.50
16.70,19.50
16.70,19.60
16.80,19.80
16.80,19.90
16.80,20.00
16.80,20.00
16.80,20.10
16.90,20.00
16.90,20.00
16.90,19.90
16.90,19.90
16.90,20.00
17.00,20.00
17.00,20.00
17.00,20.00
17.00,20.00
17.00,20.00
17.10,20.00
17.10,20.00
17.10,20.10
17.10,20.10
17.10,20.10
17.20,20.10
17.20,20.10
17.20,20.20
17.20,20.20
17.20,20.20
17.30,20.30
17.30,20.30
17.30,20.30
17.30,20.40
17.30,20.40
17.40,20.40
17.40,20.40
17.40,20.40
17.40,20.40
17.40,20.40
17.50,20.40
17.50,20.40
17.50,20.40
17.50,20.50
17.50,20.60
17.60,20.60
17.60,20.60
17.60,20.60
17.60,20.50
17.60,20.50
17.70,20.30
17.70,20.00
17.70,19.80
17.70,19.70
17.70,19.60
17.80,19.50
17.80,19.40
17.80,19.50
17.80,19.50
17.80,19.60
17.90,19.70
17.90,19.80
17.90,19.90
17.90,19.90
17.90,19.60
18.00,19.50
18.00,19.80
18.00,19.90
18.00,20.00
18.00,20.10
18.10,20.10
18.10,20.10
18.10,20.00
18.10,19.80
18.10,19.60
18.20,19.40
18.20,19.40
18.20,19.50
18.20,19.70
18.20,19.80
18.30,19.90
18.30,20.00
18.30,20.00
18.30,20.00
18.30,20.10
18.40,20.00
18.40,20.00
18.40,19.90
18.40,19.90
18.40,19.90
18.50,20.00
18.50,20.00
18.50,20.00
18.50,20.10
18.50,20.20
18.60,20.20
18.60,20.10
18.60,20.20
18.60,20.20
18.60,20.20
18.70,20.20
18.70,20.20
18.70,20.20
18.70,20.30
18.70,20.30
18.80,20.40
18.80,20.40
18.80,20.40
18.80,20.50
18.80,20.50
18.90,20.50
18.90,20.60
18.90,20.60
18.90,20.60
18.90,20.50
19.00,20.50
19.00,20.40
19.00,20.30
19.00,20.30
19.00,20.20
19.10,20.20
19.10,20.10
19.10,20.10
19.10,20.00
19.10,20.00
19.20,20.00
19.20,20.00
19.20,19.90
19.20,19.90
19.20,19.90
19.30,19.90
19.30,19.90
19.30,19.90
19.30,19.90
19.30,19.90
19.40,19.90
19.40,19.80
19.40,19.80
19.40,19.80
19.40,19.80
19.50,19.80
19.50,19.80
19.50,19.80
19.50,19.80
19.50,19.80
19.60,19.80
19.60,19.80
19.60,19.80
19.60,19.80
19.60,19.80
19.70,19.80
19.70,19.80
19.70,19.80
19.70,19.80
19.70,19.70
19.80,19.70
19.80,19.70
19.80,19.70
19.80,19.70
19.80,19.70
19.90,19.70
19.90,19.60
19.90,19.60
19.90,19.60
19.90,19.70
20.00,19.70
20.00,19.70
20.00,19.60
20.00,19.60
20.00,19.50
20.10,19.50
20.10,19.50
20.10,19.60
20.10,19.60
20.10,19.60
20.20,19.60
20.20,19.60
20.20,19.60
20.20,19.80
20.20,19.90
20.30,19.90
20.30,20.00
20.30,20.00
20.30,20.10
20.30,20.10
20.40,20.10
20.40,20.10
20.40,20.20
20.40,20.20
20.40,20.20
20.50,20.30
20.50,20.30
20.50,20.30
20.50,20.20
20.50,20.20
20.60,20.30
20.60,20.20
20.60,20.20
20.60,20.20
20.60,20.20
20.70,20.30
20.70,20.40
20.70,20.40
20.70,20.40
20.70,20.40
20.80,20.40
20.80,20.40
20.80,20.30
20.80,20.30
20.80,20.20
20.90,20.20
20.90,20.30
20.90,20.30
20.90,20.40
20.90,20.40
21.00,20.30
21.00,20.20
21.00,20.10
21.00,20.20
21.00,20.20
21.10,20.10
21.10,20.10
21.10,20.20
21.10,20.20
21.10,20.30
21.20,20.40
21.20,20.40
21.20,20.50
21.20,20.50
21.20,20.40
21.30,20.40
21.30,20.30
21.30,20.30
21.30,20.30
21.30,20.30
21.40,20.20
21.40,20.10
21.40,20.10
21.40,20.00
21.40,20.00
21.50,19.90
21.50,19.70
21.50,19.60
21.50,19.60
21.50,19.40
21.60,19.40
21.60,19.40
21.60,19.50
21.60,19.70
21.60,19.80
21.70,19.90
21.70,19.90
21.70,19.90
21.70,20.00
21.70,20.10
21.80,20.20
21.80,20.20
21.80,20.10
21.80,20.10
21.80,20.20
21.90,20.30
21.90,20.10
21.90,20.00
21.90,19.90
21.90,19.80
22.00,19.80
22.00,19.90
22.00,19.80
22.00,19.90
22.00,20.00
22.10,20.00
22.10,20.10
22.10,20.20
22.10,20.30
22.10,20.50
22.20,20.50
22.20,20.50
22.20,20.50
22.20,20.50
22.20,20.40
22.30,20.40
22.30,20.40
22.30,20.40
22.30,20.30
22.30,20.30
22.40,20.30
22.40,20.30
22.40,20.40
22.40,20.40
22.40,20.50
22.50,20.50
22.50,20.50
22.50,20.60
22.50,20.60
22.50,20.60
22.60,20.60
22.60,20.50
22.60,20.50
22.60,20.40
22.60,20.30
22.70,20.20
22.70,20.10
22.70,20.00
22.70,20.00
22.70,20.10
22.80,20.10
22.80,20.30
22.80,20.40
22.80,20.40
22.80,20.40
22.90,20.40
22.90,20.30
22.90,20.20
22.90,20.20
22.90,20.20
23.00,20.10
23.00,20.10
23.00,20.10
23.00,20.20
23.00,20.30
23.10,20.30
23.10,20.40
23.10,20.50
23.10,20.60
23.10,20.60
23.20,20.60
23.20,20.60
23.20,20.50
23.20,20.50
23.20,20.40
23.30,20.40
23.30,20.40
23.30,20.40
23.30,20.60
23.30,20.60
23.40,20.60
23.40,20.50
23.40,20.40
23.40,20.40
23.40,20.30
23.50,20.40
23.50,20.40
23.50,20.30
23.50,20.30
23.50,20.30
23.60,20.30
23.60,20.40
23.60,20.40
23.60,20.40
23.60,20.40
23.70,20.40
23.70,20.40
23.70,20.40
23.70,20.50
23.70,20.50
23.80,20.40
23.80,20.30
23.80,20.30
23.80,20.20
23.80,20.20
23.90,20.20
23.90,20.10
23.90,20.10
23.90,20.20
23.90,20.20
24.00,20.30
24.00,20.30
24.00,20.30
24.00,20.30
24.00,20.30
24.10,20.30
24.10,20.30
24.10,20.30
24.10,20.30
24.10,20.40
24.20,20.30
24.20,20.40
24.20,20.50
24.20,20.50
24.20,20.50
24.30,20.50
24.30,20.40
24.30,20.40
24.30,20.40
24.30,20.30
24.40,20.40
24.40,20.50
24.40,20.40
24.40,20.30
24.40,20.30
24.50,20.20
24.50,20.30
24.50,20.30
24.50,20.30
24.50,20.30
24.60,20.30
24.60,20.40
24.60,20.40
24.60,20.40
24.60,20.30
24.70,20.30
24.70,20.50
24.70,20.50
24.70,20.50
24.70,20.30
24.80,20.00
24.80,19.80
24.80,19.80
24.80,19.80
24.80,19.90
24.90,20.00
24.90,20.10
24.90,20.10
24.90,20.10
24.90,20.20
25.00,20.30
25.00,20.40
25.00,20.40
25.00,20.30
25.00,20.30
25.10,20.30
25.10,20.30
25.10,20.20
25.10,20.10
25.10,20.00
25.20,19.80
25.20,19.70
25.20,19.80
25.20,19.90
25.20,19.90
25.30,20.10
25.30,20.30
25.30,20.40
25.30,20.40
25.30,20.40
25.40,20.30
25.40,20.30
25.40,20.30
25.40,20.30
25.40,20.30
25.50,20.20
25.50,20.30
25.50,20.30
25.50,20.30
25.50,20.20
25.60,20.10
25.60,20.10
25.60,20.00
25.60,20.00
25.60,20.00
25.70,20.10
25.70,20.10
25.70,20.20
25.70,20.30
25.70,20.30
25.80,20.30
25.80,20.30
25.80,20.30
25.80,20.40
25.80,20.50
25.90,20.60
25.90,20.60
25.90,20.70
25.90,20.60
25.90,20.50
26.00,20.40
26.00,20.40
26.00,20.30
26.00,20.20
26.00,20.00
26.10,20.10
26.10,20.20
26.10,20.30
26.10,20.30
26.10,20.40
26.20,20.40
26.20,20.40
26.20,20.50
26.20,20.50
26.20,20.50
26.30,20.40
26.30,20.40
26.30,20.50
26.30,20.60
26.30,20.70
26.40,20.70
26.40,20.70
26.40,20.70
26.40,20.70
26.40,20.70
26.50,20.60
26.50,20.50
26.50,20.50
26.50,20.50
26.50,20.50
26.60,20.40
26.60,20.40
26.60,20.40
26.60,20.40
26.60,20.40
26.70,20.50
26.70,20.60
26.70,20.70
26.70,20.80
26.70,20.70
26.80,20.70
26.80,20.80
26.80,20.80
26.80,20.90
26.80,20.90
26.90,20.80
26.90,20.80
26.90,20.80
26.90,20.70
26.90,20.50
27.00,20.40
27.00,20.30
27.00,20.30
27.00,20.30
27.00,20.30
27.10,20.30
27.10,20.50
27.10,20.60
27.10,20.60
27.10,20.60
27.20,20.60
27.20,20.60
27.20,20.60
27.20,20.60
27.20,20.60
27.30,20.60
27.30,20.60
27.30,20.60
27.30,20.60
27.30,20.50
27.40,20.50
27.40,20.50
27.40,20.40
27.40,20.30
27.40,20.30
27.50,20.30
27.50,20.40
27.50,20.50
27.50,20.60
27.50,20.70
27.60,20.80
27.60,20.80
27.60,20.90
27.60,21.00
27.60,21.00
27.70,21.10
27.70,21.10
27.70,21.10
27.70,21.10
27.70,21.10
27.80,21.10
27.80,21.10
27.80,21.10
27.80,21.00
27.80,20.90
27.90,20.90
27.90,20.90
27.90,20.80
27.90,20.90
27.90,20.80
28.00,20.70
28.00,20.70
28.00,20.70
28.00,20.70
28.00,20.70
28.10,20.70
28.10,20.70
28.10,20.70
28.10,20.70
28.10,20.60
28.20,20.60
28.20,20.60
28.20,20.60
28.20,20.60
28.20,20.60
28.30,20.60
28.30,20.60
28.30,20.60
28.30,20.60
28.30,20.60
28.40,20.60
28.40,20.60
28.40,20.70
28.40,20.70
28.40,20.80
28.50,20.80
28.50,20.80
28.50,20.90
28.50,20.90
28.50,20.90
28.60,21.00
28.60,21.00
28.60,21.00
28.60,21.00
28.60,21.00
28.70,21.10
28.70,21.10
28.70,21.10
28.70,21.10
28.70,21.10
28.80,21.10
28.80,21.10
28.80,21.10
28.80,21.10
28.80,21.00
28.90,21.00
28.90,21.00
28.90,21.00
28.90,20.90
28.90,20.90
29.00,20.90
29.00,20.90
29.00,20.90
29.00,20.90
29.00,20.90
29.10,20.90
29.10,20.90
29.10,20.90
29.10,20.90
29.10,20.80
29.20,20.90
29.20,21.00
29.20,21.00
29.20,21.00
29.20,20.90
29.30,20.80
29.30,20.80
29.30,20.90
29.30,20.90
29.30,20.90
29.40,20.80
29.40,20.80
29.40,20.90
29.40,20.90
29.40,21.00
29.50,21.10
29.50,21.10
29.50,21.10
29.50,21.00
29.50,21.00
29.60,21.00
29.60,21.00
29.60,21.00
29.60,21.00
29.60,21.10
29.70,21.10
29.70,21.10
29.70,21.10
29.70,21.10
29.70,21.20
29.80,21.20
29.80,21.20
29.80,21.20
29.80,21.20
29.80,21.20
29.90,21.30
29.90,21.30
29.90,21.30
29.90,21.30
29.90,21.30
30.00,21.30
30.00,21.30
30.00,21.30
30.00,21.30
30.00,21.30
30.10,21.30
30.10,21.30
30.10,21.30
30.10,21.40
30.10,21.40
30.20,21.40
30.20,21.40
30.20,21.40
30.20,21.40
30.20,21.30
30.30,21.30
30.30,21.20
30.30,21.20
30.30,21.20
30.30,21.10
30.40,21.10
30.40,21.10
30.40,21.10
30.40,21.10
30.40,21.00
30.50,21.00
30.50,20.90
30.50,20.80
30.50,20.70
30.50,20.60
30.60,20.50
30.60,20.50
30.60,20.60
30.60,20.60
30.60,20.60
30.70,20.50
30.70,20.50
30.70,20.50
30.70,20.40
30.70,20.20
30.80,20.20
30.80,20.20
30.80,20.10
30.80,20.10
30.80,20.10
30.90,20.10
30.90,20.10
30.90,20.20
30.90,20.20
30.90,20.30
31.00,20.50
31.00,20.60
31.00,20.70
31.00,20.80
31.00,20.80
31.10,20.80
31.10,20.80
31.10,20.80
31.10,20.70
31.10,20.70
31.20,20.70
31.20,20.60
31.20,20.60
31.20,20.50
31.20,20.40
31.30,20.30
31.30,20.40
31.30,20.50
31.30,20.50
31.30,20.50
31.40,20.50
31.40,20.40
31.40,20.40
31.40,20.40
31.40,20.30
31.50,20.30
31.50,20.30
31.50,20.20
31.50,20.30
31.50,20.40
31.60,20.40
31.60,20.40
31.60,20.40
31.60,20.40
31.60,20.40
31.70,20.40
31.70,20.50
31.70,20.60
31.70,20.60
31.70,20.60
31.80,20.60
31.80,20.60
31.80,20.50
31.80,20.50
31.80,20.50
31.90,20.50
31.90,20.60
31.90,20.70
31.90,20.80
31.90,20.70
32.00,20.60
32.00,20.60
32.00,20.50
32.00,20.50
32.00,20.40
32.10,20.20
32.10,20.30
32.10,20.40
32.10,20.50
32.10,20.50
32.20,20.50
32.20,20.40
32.20,20.40
32.20,20.40
32.20,20.40
32.30,20.40
32.30,20.30
32.30,20.50
32.30,20.50
32.30,20.50
32.40,20.50
32.40,20.40
32.40,20.30
32.40,20.30
32.40,20.30
32.50,20.20
32.50,20.20
32.50,20.20
32.50,20.30
32.50,20.40
32.60,20.50
32.60,20.60
32.60,20.60
32.60,20.50
32.60,20.50
32.70,20.40
32.70,20.40
32.70,20.40
32.70,20.30
32.70,20.20
32.80,20.20
32.80,20.20
32.80,20.20
32.80,20.30
32.80,20.30
32.90,20.30
32.90,20.30
32.90,20.30
32.90,20.30
32.90,20.30
33.00,20.40
33.00,20.50
33.00,20.40
33.00,20.40
33.00,20.30
33.10,20.30
33.10,20.30
33.10,20.10
33.10,20.10
33.10,20.10
33.20,20.20
33.20,20.20
33.20,20.20
33.20,20.20
33.20,20.20
33.30,20.20
33.30,20.10
33.30,20.10
33.30,20.20
33.30,20.30
33.40,20.40
33.40,20.60
33.40,20.70
33.40,20.70
33.40,20.80
33.50,20.70
33.50,20.70
33.50,20.60
33.50,20.60
33.50,20.50
33.60,20.40
33.60,20.50
33.60,20.50
33.60,20.50
33.60,20.50
33.70,20.50
33.70,20.50
33.70,20.50
33.70,20.50
33.70,20.60
33.80,20.70
33.80,20.70
33.80,20.70
33.80,20.60
33.80,20.60
33.90,20.60
33.90,20.50
33.90,20.30
33.90,20.00
33.90,19.80
34.00,19.90
34.00,20.20
34.00,20.40
34.00,20.40
34.00,20.40
34.10,20.40
34.10,20.50
34.10,20.30
34.10,20.20
34.10,19.90
34.20,19.70
34.20,19.80
34.20,20.00
34.20,20.20
34.20,20.20
34.30,20.10
34.30,20.20
34.30,20.10
34.30,20.10
34.30,19.90
34.40,20.00
34.40,20.10
34.40,20.20
34.40,20.10
34.40,20.20
34.50,20.20
34.50,20.10
34.50,20.10
34.50,20.00
34.50,19.90
34.60,19.90
34.60,19.80
34.60,19.80
34.60,19.80
34.60,20.00
34.70,20.00
34.70,20.00
34.70,19.80
34.70,19.70
34.70,19.60
34.80,19.60
34.80,19.60
34.80,19.50
34.80,19.40
34.80,19.30
34.90,19.30
34.90,19.20
34.90,19.40
34.90,19.50
34.90,19.60
35.00,19.90
35.00,19.90
35.00,20.00
35.00,20.00
35.00,20.10
35.10,20.20
35.10,20.10
35.10,19.80
35.10,19.80
35.10,20.00
35.20,19.90
35.20,19.70
35.20,19.30
35.20,19.20
35.20,19.40
35.30,19.70
35.30,19.70
35.30,19.60
35.30,19.80
35.30,19.90
35.40,20.00
35.40,20.10
35.40,20.10
35.40,20.10
35.40,20.00
35.50,20.10
35.50,20.00
35.50,19.90
35.50,19.70
35.50,19.80
35.60,19.80
35.60,19.80
35.60,19.70
35.60,19.70
35.60,19.80
35.70,19.70
35.70,19.70
35.70,19.70
35.70,19.80
35.70,20.00
35.80,20.30
35.80,20.40
35.80,20.40
35.80,20.40
35.80,20.40
35.90,20.40
35.90,20.20
35.90,19.90
35.90,19.90
35.90,20.00
36.00,20.10
36.00,20.20
36.00,20.30
36.00,20.40
36.00,20.30
36.10,20.30
36.10,20.30
36.10,20.30
36.10,20.30
36.10,20.30
36.20,20.30
36.20,20.30
36.20,20.30
36.20,20.30
36.20,20.30
36.30,20.50
36.30,20.60
36.30,20.70
36.30,20.80
36.30,20.60
36.40,20.50
36.40,20.50
36.40,20.50
36.40,20.50
36.40,20.60
36.50,20.50
36.50,20.50
36.50,20.40
36.50,20.40
36.50,20.40
36.60,20.30
36.60,20.10
36.60,20.10
36.60,20.00
36.60,20.10
36.70,20.10
36.70,20.10
36.70,20.10
36.70,20.20
36.70,20.20
36.80,20.20
36.80,20.40
36.80,20.50
36.80,20.50
36.80,20.50
36.90,20.20
36.90,20.10
36.90,20.10
36.90,20.10
36.90,20.10
37.00,20.00
37.00,19.90
37.00,19.80
37.00,19.90
37.00,19.90
37.10,20.00
37.10,20.20
37.10,20.50
37.10,20.60
37.10,20.60
37.20,20.60
37.20,20.70
37.20,20.70
37.20,20.60
37.20,20.60
37.30,20.60
37.30,20.50
37.30,20.50
37.30,20.60
37.30,20.80
37.40,20.90
37.40,20.90
37.40,21.00
37.40,20.90
37.40,20.90
37.50,20.90
37.50,20.90
37.50,20.90
37.50,20.80
37.50,20.80
37.60,20.80
37.60,20.70
37.60,20.70
37.60,20.60
37.60,20.60
37.70,20.50
37.70,20.50
37.70,20.40
37.70,20.40
37.70,20.40
37.80,20.40
37.80,20.50
37.80,20.50
37.80,20.60
37.80,20.60
37.90,20.70
37.90,20.70
37.90,20.80
37.90,20.80
37.90,20.80
38.00,20.90
38.00,20.90
38.00,20.90
38.00,20.90
38.00,20.90
38.10,20.80
38.10,20.90
38.10,20.90
38.10,20.90
38.10,20.90
38.20,20.90
38.20,20.90
38.20,21.00
38.20,20.90
38.20,20.90
38.30,20.90
38.30,21.00
38.30,21.00
38.30,21.00
38.30,21.00
38.40,21.00
38.40,21.00
38.40,21.00
38.40,21.10
38.40,21.10
38.50,21.10
38.50,21.10
38.50,21.10
38.50,21.10
38.50,21.10
38.60,21.10
38.60,21.10
38.60,21.00
38.60,21.00
38.60,20.90
38.70,20.90
38.70,20.90
38.70,20.90
38.70,20.90
38.70,20.90
38.80,20.90
38.80,20.80
38.80,20.80
38.80,20.80
38.80,20.70
38.90,20.70
38.90,20.70
38.90,20.70
38.90,20.70
38.90,20.70
39.00,20.70
39.00,20.70
39.00,20.60
39.00,20.70
39.00,20.70
39.10,20.70
39.10,20.60
39.10,20.70
39.10,20.90
39.10,20.90
39.20,21.00
39.20,20.90
39.20,20.90
39.20,20.90
39.20,20.80
39.30,20.80
39.30,20.80
39.30,21.00
39.30,21.00
39.30,20.90
39.40,20.70
39.40,20.60
39.40,20.60
39.40,20.60
39.40,20.50
39.50,20.50
39.50,20.50
39.50,20.40
39.50,20.30
39.50,20.30
39.60,20.40
39.60,20.40
39.60,20.50
39.60,20.50
39.60,20.60
39.70,20.60
39.70,20.70
39.70,20.70
39.70,20.80
39.70,20.80
39.80,20.90
39.80,20.90
39.80,20.90
39.80,20.90
39.80,20.90
39.90,21.00
39.90,21.00
39.90,21.00
39.90,21.00
39.90,21.00
40.00,21.00
40.00,21.00
40.00,21.00
40.00,21.10
40.00,21.00
40.10,20.80
40.10,20.80
40.10,20.80
40.10,20.80
40.10,20.70
40.20,20.60
40.20,20.70
40.20,21.00
40.20,21.20
40.20,21.20
40.30,21.00
40.30,20.70
40.30,20.70
40.30,20.80
40.30,20.90
40.40,20.90
40.40,20.80
40.40,20.90
40.40,21.00
40.40,21.00
40.50,21.00
40.50,21.10
40.50,21.10
40.50,21.00
40.50,21.00
40.60,21.10
40.60,21.00
40.60,20.90
40.60,20.80
40.60,20.70
40.70,20.80
40.70,20.90
40.70,20.90
40.70,20.90
40.70,20.90
40.80,20.90
40.80,21.00
40.80,21.00
40.80,20.80
40.80,20.50
40.90,20.20
40.90,19.80
40.90,19.50
40.90,19.00
40.90,18.40
41.00,18.50
41.00,18.80
41.00,19.00
41.00,19.50
41.00,19.60
41.10,19.70
41.10,19.80
41.10,19.60
41.10,19.60
41.10,19.50
41.20,19.50
41.20,19.50
41.20,19.60
41.20,19.60
41.20,19.60
41.30,19.60
41.30,19.90
41.30,20.00
41.30,20.00
41.30,19.90
41.40,19.90
41.40,20.00
41.40,19.90
41.40,19.80
41.40,19.70
41.50,19.60
41.50,19.50
41.50,19.40
41.50,19.20
41.50,19.10
41.60,19.00
41.60,18.90
41.60,18.90
41.60,19.00
41.60,19.30
41.70,19.60
41.70,19.80
41.70,19.90
41.70,19.90
41.70,19.90
41.80,19.60
41.80,19.50
41.80,19.40
41.80,19.30
41.80,19.30
41.90,19.20
41.90,19.10
41.90,19.00
41.90,19.00
41.90,19.10
42.00,19.40
42.00,19.50
42.00,19.50
42.00,19.60
42.00,19.70
42.10,19.70
42.10,19.70
42.10,19.50
42.10,19.60
42.10,19.70
42.20,19.70
42.20,19.70
42.20,19.60
42.20,19.50
42.20,19.50
42.30,19.50
42.30,19.40
42.30,19.30
42.30,19.20
42.30,19.20
42.40,19.20
42.40,19.20
42.40,19.10
42.40,19.10
42.40,19.10
42.50,19.10
42.50,19.20
42.50,19.10
42.50,18.90
42.50,19.10
42.60,19.20
42.60,19.20
42.60,19.20
42.60,19.10
42.60,19.10
42.70,18.90
42.70,19.10
42.70,19.70
42.70,20.10
42.70,20.10
42.80,20.10
42.80,20.00
42.80,19.70
42.80,19.50
42.80,19.30
42.90,19.10
42.90,19.00
42.90,19.00
42.90,19.10
42.90,19.20
43.00,19.30
43.00,19.30
43.00,19.30
43.00,19.30
43.00,19.30
43.10,19.20
43.10,19.10
43.10,19.30
43.10,19.50
43.10,19.90
43.20,20.10
43.20,20.30
43.20,20.50
43.20,20.70
43.20,20.80
43.30,20.90
43.30,20.90
43.30,20.90
43.30,20.70
43.30,20.50
43.40,20.40
43.40,20.20
43.40,20.00
43.40,19.80
43.40,19.70
43.50,19.70
43.50,19.60
43.50,19.50
43.50,19.60
43.50,19.70
43.60,19.90
43.60,20.00
43.60,20.10
43.60,20.20
43.60,20.10
43.70,20.10
43.70,20.20
43.70,20.10
43.70,20.00
43.70,19.80
43.80,19.70
43.80,19.60
43.80,19.60
43.80,19.50
43.80,19.50
43.90,19.60
43.90,19.60
43.90,19.60
43.90,19.40
43.90,19.50
44.00,19.40
44.00,19.30
44.00,19.30
44.00,19.40
44.00,19.70
44.10,19.60
44.10,19.50
44.10,19.50
44.10,19.60
44.10,19.70
44.20,19.80
44.20,19.80
44.20,19.80
44.20,19.90
44.20,19.90
44.30,19.80
44.30,19.60
44.30,19.50
44.30,19.60
44.30,19.50
44.40,19.40
44.40,19.40
44.40,19.70
44.40,19.70
44.40,19.70
44.50,19.40
44.50,19.20
44.50,19.50
44.50,19.80
44.50,19.70
44.60,19.70
44.60,19.50
44.60,19.50
44.60,19.70
44.60,19.80
44.70,19.90
44.70,20.00
44.70,20.00
44.70,19.90
44.70,19.80
44.80,19.60
44.80,19.40
44.80,19.30
44.80,19.20
44.80,19.10
44.90,19.10
44.90,19.00
44.90,19.00
44.90,19.00
44.90,18.90
45.00,18.80
45.00,18.70
45.00,18.60
45.00,18.50
45.00,18.60
45.10,18.60
45.10,18.80
45.10,19.00
45.10,19.10
45.10,19.10
45.20,19.10
45.20,19.20
45.20,19.20
45.20,19.20
45.20,19.20
45.30,19.30
45.30,19.40
45.30,19.60
45.30,19.70
45.30,19.70
45.40,19.70
45.40,19.70
45.40,19.50
45.40,19.30
45.40,19.10
45.50,19.10
45.50,18.90
45.50,18.90
45.50,19.10
45.50,19.20
45.60,19.30
45.60,19.40
45.60,19.50
45.60,19.50
45.60,19.50
45.70,19.50
45.70,19.50
45.70,19.50
45.70,19.50
45.70,19.40
45.80,19.20
45.80,19.20
45.80,19.10
45.80,19.10
45.80,19.00
45.90,18.90
45.90,18.90
45.90,19.00
45.90,19.20
45.90,19.10
46.00,19.20
46.00,19.20
46.00,19.30
46.00,19.50
46.00,19.40
46.10,19.20
46.10,19.00
46.10,19.10
46.10,19.40
46.10,19.70
46.20,19.70
46.20,19.70
46.20,19.80
46.20,19.70
46.20,19.60
46.30,19.40
46.30,19.20
46.30,19.20
46.30,19.30
46.30,19.70
46.40,20.00
46.40,20.10
46.40,20.00
46.40,19.90
46.40,19.80
46.50,19.80
46.50,19.70
46.50,19.50
46.50,19.40
46.50,19.40
46.60,19.40
46.60,19.40
46.60,19.10
46.60,19.10
46.60,19.50
46.70,19.60
46.70,19.70
46.70,19.80
46.70,19.80
46.70,19.80
46.80,19.80
46.80,19.80
46.80,19.80
46.80,19.90
46.80,20.00
46.90,20.00
46.90,20.10
46.90,20.00
46.90,19.80
46.90,20.00
47.00,20.10
47.00,20.20
47.00,20.30
47.00,20.40
47.00,20.50
47.10,20.50
47.10,20.50
47.10,20.50
47.10,20.50
47.10,20.40
47.20,20.50
47.20,20.50
47.20,20.60
47.20,20.60
47.20,20.70
47.30,20.70
47.30,20.70
47.30,20.80
47.30,20.90
47.30,20.90
47.40,21.00
47.40,21.10
47.40,21.20
47.40,21.20
47.40,21.30
47.50,21.30
47.50,21.30
47.50,21.30
47.50,21.20
47.50,21.20
47.60,21.20
47.60,21.10
47.60,21.10
47.60,21.00
47.60,21.00
47.70,21.00
47.70,21.00
47.70,21.00
47.70,21.00
47.70,21.00
47.80,21.00
47.80,21.00
47.80,20.90
47.80,20.90
47.80,21.00
47.90,21.00
47.90,21.00
47.90,21.00
47.90,21.00
47.90,21.00
48.00,21.00
48.00,21.00
48.00,21.10
48.00,21.10
48.00,21.20
48.10,21.30
48.10,21.30
48.10,21.20
48.10,21.20
48.10,21.20
48.20,21.10
48.20,20.90
48.20,20.70
48.20,20.70
48.20,20.80
48.30,20.80
48.30,20.90
48.30,20.80
48.30,20.70
48.30,20.80
48.40,20.90
48.40,20.90
48.40,20.80
48.40,20.80
48.40,20.80
48.50,20.80
48.50,20.80
48.50,20.80
48.50,20.70
48.50,20.60
48.60,20.60
48.60,20.70
48.60,20.60
48.60,20.50
48.60,20.40
48.70,20.40
48.70,20.50
48.70,20.70
48.70,20.80
48.70,20.80
48.80,20.90
48.80,20.90
48.80,20.90
48.80,20.90
48.80,20.80
48.90,20.90
48.90,20.80
48.90,20.80
48.90,20.90
48.90,20.80
49.00,20.70
49.00,20.70
49.00,20.80
49.00,20.90
49.00,21.00
49.10,21.00
49.10,20.90
49.10,20.80
49.10,20.70
49.10,20.50
49.20,20.50
49.20,20.30
49.20,20.20
49.20,20.10
49.20,20.10
49.30,20.10
49.30,20.10
49.30,20.00
49.30,20.00
49.30,20.10
49.40,20.10
49.40,20.00
49.40,20.00
49.40,19.90
49.40,19.90
49.50,20.20
49.50,20.30
49.50,20.30
49.50,20.20
49.50,20.00
49.60,19.80
49.60,19.70
49.60,19.80
49.60,19.80
49.60,19.80
49.70,19.80
49.70,19.90
49.70,19.90
49.70,19.90
49.70,19.90
49.80,20.10
49.80,20.20
49.80,20.20
49.80,20.10
49.80,20.00
49.90,19.90
49.90,19.70
49.90,19.50
49.90,19.50
49.90,19.60
50.00,19.60
50.00,19.50
50.00,19.40
50.00,19.50
50.00,19.60
50.10,19.70
50.10,19.70
50.10,19.80
50.10,19.90
50.10,20.00
50.20,20.00
50.20,20.10
50.20,20.10
50.20,20.20
50.20,20.30
50.30,20.40
50.30,20.40
50.30,20.40
50.30,20.40
50.30,20.40
50.40,20.30
50.40,20.30
50.40,20.30
50.40,20.40
50.40,20.20
50.50,20.10
50.50,20.20
50.50,20.20
50.50,20.20
50.50,20.10
50.60,20.10
50.60,20.20
50.60,20.20
50.60,20.20
50.60,20.10
50.70,20.10
50.70,20.30
50.70,20.40
50.70,20.50
50.70,20.50
50.80,20.40
50.80,20.50
50.80,20.60
50.80,20.50
50.80,20.40
50.90,20.30
50.90,20.30
50.90,20.40
50.90,20.70
50.90,20.80
51.00,20.80
51.00,20.60
51.00,20.60
51.00,20.70
51.00,20.80
51.10,20.90
51.10,20.90
51.10,20.90
51.10,20.90
51.10,20.90
51.20,20.80
51.20,20.70
51.20,20.40
51.20,20.10
51.20,20.10
51.30,20.20
51.30,20.10
51.30,19.80
51.30,19.90
51.30,20.20
51.40,20.40
51.40,20.60
51.40,20.60
51.40,20.60
51.40,20.80
51.50,21.00
51.50,21.10
51.50,21.20
51.50,21.30
51.50,21.40
51.60,21.50
51.60,21.60
51.60,21.70
51.60,21.80
51.60,21.80
51.70,21.70
51.70,21.70
51.70,21.70
51.70,21.60
51.70,21.60
51.80,21.60
51.80,21.60
51.80,21.60
51.80,21.60
51.80,21.50
51.90,21.50
51.90,21.50
51.90,21.40
51.90,21.30
51.90,21.30
52.00,21.20
52.00,21.20
52.00,21.30
52.00,21.30
52.00,21.30
52.10,21.30
52.10,21.30
52.10,21.20
52.10,21.20
52.10,21.20
52.20,21.20
52.20,21.10
52.20,21.10
52.20,21.10
52.20,21.10
52.30,21.10
52.30,21.00
52.30,21.00
52.30,21.00
52.30,21.00
52.40,21.00
52.40,21.00
52.40,21.00
52.40,21.00
52.40,21.10
52.50,21.20
52.50,21.20
52.50,21.20
52.50,21.20
52.50,21.10
52.60,21.00
52.60,20.90
52.60,20.80
52.60,20.70
52.60,20.70
52.70,20.70
52.70,20.80
52.70,20.90
52.70,20.90
52.70,20.80
52.80,20.70
52.80,20.50
52.80,20.50
52.80,20.40
52.80,20.40
52.90,20.30
52.90,20.30
52.90,20.50
52.90,20.60
52.90,20.60
53.00,20.50
53.00,20.30
53.00,20.30
53.00,20.30
53.00,20.30
53.10,20.30
53.10,20.40
53.10,20.50
53.10,20.40
53.10,20.40
53.20,20.40
53.20,20.50
53.20,20.40
53.20,20.30
53.20,20.10
53.30,20.10
53.30,20.20
53.30,20.20
53.30,20.30
53.30,20.40
53.40,20.40
53.40,20.40
53.40,20.50
53.40,20.60
53.40,20.70
53.50,20.70
53.50,20.80
53.50,20.80
53.50,20.80
53.50,20.80
53.60,20.90
53.60,20.80
53.60,20.90
53.60,20.90
53.60,21.00
53.70,21.00
53.70,21.00
53.70,21.10
53.70,21.10
53.70,21.10
53.80,21.10
53.80,21.10
53.80,21.10
53.80,21.00
53.80,20.90
53.90,20.90
53.90,20.90
53.90,20.90
53.90,20.90
53.90,20.90
54.00,20.90
54.00,20.90
54.00,21.00
54.00,21.00
54.00,21.10
54.10,21.10
54.10,21.20
54.10,21.30
54.10,21.30
54.10,21.30
54.20,21.40
54.20,21.40
54.20,21.40
54.20,21.40
54.20,21.40
54.30,21.50
54.30,21.50
54.30,21.50
54.30,21.50
54.30,21.50
54.40,21.50
54.40,21.50
54.40,21.50
54.40,21.50
54.40,21.60
54.50,21.60
54.50,21.60
54.50,21.60
54.50,21.70
54.50,21.70
54.60,21.80
54.60,21.80
54.60,21.90
54.60,21.90
54.60,21.90
54.70,21.90
54.70,22.00
